{"learner":{"attributes":{},"gradient_booster":{"model":{"gbtree_model_param":{"num_trees":"6","size_leaf_vector":"0"},"tree_info":[0,0,0,0,0,0],"trees":[{"base_weights":[-6.89238621731647072e-09,2.46814623475074768e-01,-1.85035824775695801e-01,-5.76200634241104126e-02,3.74845862388610840e-01,-3.02358865737915039e-01,9.30587574839591980e-02,-4.04974788427352905e-01,-1.05954715982079506e-02],"default_left":[true,true,true,false,false,true,false,false,false],"id":0,"leaf_child_counts":[0,2,1,0,0,2,0,0,0],"left_children":[1,3,5,-1,-1,7,-1,-1,-1],"loss_changes":[4.34076160192489624e-01,1.80333301424980164e-01,2.05373421311378479e-01,0.00000000000000000e+00,0.00000000000000000e+00,1.17137461900711060e-01,0.00000000000000000e+00,0.00000000000000000e+00,0.00000000000000000e+00],"parents":[2147483647,0,0,1,1,2,2,5,5],"right_children":[2,4,6,-1,-1,8,-1,-1,-1],"split_conditions":[-1.11195996403694153e-01,-4.57611074671149254e-03,2.26195126771926880e-01,-1.72860193997621536e-02,1.12453766167163849e-01,6.87549710273742676e-02,2.79176291078329086e-02,-1.21492438018321991e-01,-3.17864166572690010e-03],"split_indices":[567,133,284,0,0,315,0,0,0],"sum_hessian":[7.50471830368041992e+00,3.07250547409057617e+00,4.43221282958984375e+00,1.07242643833160400e+00,2.00007915496826172e+00,3.05578184127807617e+00,1.37643074989318848e+00,1.97361755371093750e+00,1.08216440677642822e+00],"tree_param":{"num_feature":"600","num_nodes":"9","size_leaf_vector":"0"}},{"base_weights":[-5.38777422676162132e-09,5.19651353359222412e-01,-2.45273262262344360e-01,6.27603530883789063e-01,9.22087877988815308e-02,-3.56385201215744019e-01,1.02099426090717316e-01,7.94886797666549683e-03,-4.19813513755798340e-01,3.27850192785263062e-01,-1.75544828176498413e-01,-6.21686689555644989e-02,-4.73246365785598755e-01,-1.17880247533321381e-01,-5.32547771930694580e-01,-5.99746525287628174e-01,-1.54298216104507446e-01],"default_left":[true,true,true,false,false,true,true,false,true,false,false,false,true,false,true,false,false],"id":1,"leaf_child_counts":[0,2,0,0,0,1,2,0,1,0,0,0,1,0,2,0,0],"left_children":[1,3,5,-1,-1,7,9,-1,11,-1,-1,-1,13,-1,15,-1,-1],"loss_changes":[1.89247226715087891e+00,1.61818265914916992e-01,4.25715982913970947e-01,0.00000000000000000e+00,0.00000000000000000e+00,1.85092866420745850e-01,2.59492695331573486e-01,0.00000000000000000e+00,9.89496707916259766e-02,0.00000000000000000e+00,0.00000000000000000e+00,0.00000000000000000e+00,5.71975708007812500e-02,0.00000000000000000e+00,2.42462158203125000e-02,0.00000000000000000e+00,0.00000000000000000e+00],"parents":[2147483647,0,0,1,1,2,2,5,5,6,6,8,8,12,12,14,14],"right_children":[2,4,6,-1,-1,8,10,-1,12,-1,-1,-1,14,-1,16,-1,-1],"split_conditions":[-3.32557618618011475e-01,1.96186769753694534e-02,1.92616134881973267e-01,1.88281074166297913e-01,2.76626367121934891e-02,-1.55662238597869873e-01,-1.45600765943527222e-01,2.38466053269803524e-03,8.00136864185333252e-01,9.83550623059272766e-02,-5.26634491980075836e-02,-1.86506006866693497e-02,-1.12147882580757141e-01,-3.53640764951705933e-02,6.56673982739448547e-02,-1.79923966526985168e-01,-4.62894663214683533e-02],"split_indices":[566,484,488,0,0,272,461,0,34,0,0,0,265,0,89,0,0],"sum_hessian":[1.28479766845703125e+01,3.76100707054138184e+00,9.08696937561035156e+00,2.62881469726562500e+00,1.13219249248504639e+00,6.86512136459350586e+00,2.22184824943542480e+00,1.14765238761901855e+00,5.71746873855590820e+00,1.12571132183074951e+00,1.09613692760467529e+00,1.02438604831695557e+00,4.69308280944824219e+00,1.09844183921813965e+00,3.59464073181152344e+00,2.55512118339538574e+00,1.03951954841613770e+00],"tree_param":{"num_feature":"600","num_nodes":"17","size_leaf_vector":"0"}},{"base_weights":[1.43154412768353723e-08,5.38787305355072021e-01,-3.15742790699005127e-01,6.63851320743560791e-01,-1.38881281018257141e-01,-4.06271487474441528e-01,2.44385018944740295e-01,1.13680601119995117e-01,-4.59757000207901001e-01,-5.14543950557708740e-01,-3.51555980741977692e-02,-5.10599687695503235e-02,-5.60534477233886719e-01,-1.66246637701988220e-01,-6.16689741611480713e-01],"default_left":[true,true,true,false,false,true,false,false,true,true,false,false,true,false,false],"id":2,"leaf_child_counts":[0,2,1,0,0,1,0,0,1,1,0,0,2,0,0],"left_children":[1,3,5,-1,-1,7,-1,-1,9,11,-1,-1,13,-1,-1],"loss_changes":[3.93791413307189941e+00,8.17084789276123047e-01,8.39366912841796875e-01,0.00000000000000000e+00,0.00000000000000000e+00,4.12124633789062500e-01,0.00000000000000000e+00,0.00000000000000000e+00,2.59463548660278320e-01,1.95075988769531250e-01,0.00000000000000000e+00,0.00000000000000000e+00,1.06642484664916992e-01,0.00000000000000000e+00,0.00000000000000000e+00],"parents":[2147483647,0,0,1,1,2,2,5,5,8,8,9,9,12,12],"right_children":[2,4,6,-1,-1,8,-1,-1,10,12,-1,-1,14,-1,-1],"split_conditions":[-3.32557618618011475e-01,-2.75959037244319916e-02,6.01015537977218628e-02,1.99155405163764954e-01,-4.16643843054771423e-02,-1.63019061088562012e-01,7.33155086636543274e-02,3.41041833162307739e-02,1.93012595176696777e-01,-9.84334051609039307e-02,-1.05466796085238457e-02,-1.53179913759231567e-02,-1.97478652000427246e-01,-4.98739928007125854e-02,-1.85006931424140930e-01],"split_indices":[566,207,53,0,0,188,0,0,554,473,0,0,366,0,0],"sum_hessian":[2.11481037139892578e+01,7.55306005477905273e+00,1.35950441360473633e+01,6.39352273941040039e+00,1.15953743457794189e+00,1.19399690628051758e+01,1.65507519245147705e+00,1.00868856906890869e+00,1.09312801361083984e+01,9.49437808990478516e+00,1.43690180778503418e+00,1.04755437374114990e+00,8.44682407379150391e+00,1.54677808284759521e+00,6.90004587173461914e+00],"tree_param":{"num_feature":"600","num_nodes":"15","size_leaf_vector":"0"}},{"base_weights":[1.42561225047188600e-08,5.00523447990417480e-01,-2.98555523157119751e-01,5.82246363162994385e-01,-4.89045977592468262e-02,-3.86736035346984863e-01,2.28198260068893433e-01,6.17370605468750000e-01,1.81041970849037170e-01,4.91890013217926025e-02,-4.25389200448989868e-01,-4.33112233877182007e-02,-4.57082241773605347e-01,-1.16702288389205933e-01,-4.84833538532257080e-01,-1.68679252266883850e-01,-5.19932985305786133e-01],"default_left":[true,true,true,true,false,true,false,false,false,false,true,false,true,false,true,false,false],"id":3,"leaf_child_counts":[0,1,1,2,0,1,0,0,0,0,1,0,1,0,2,0,0],"left_children":[1,3,5,7,-1,9,-1,-1,-1,-1,11,-1,13,-1,15,-1,-1],"loss_changes":[3.68882942199707031e+00,4.42597150802612305e-01,8.06466937065124512e-01,2.46405601501464844e-03,0.00000000000000000e+00,2.50354290008544922e-01,0.00000000000000000e+00,0.00000000000000000e+00,0.00000000000000000e+00,0.00000000000000000e+00,1.32909774780273438e-01,0.00000000000000000e+00,5.24268150329589844e-02,0.00000000000000000e+00,2.71861553192138672e-02,0.00000000000000000e+00,0.00000000000000000e+00],"parents":[2147483647,0,0,1,1,2,2,3,3,5,5,10,10,12,12,14,14],"right_children":[2,4,6,8,-1,10,-1,-1,-1,-1,12,-1,14,-1,16,-1,-1],"split_conditions":[-3.32557618618011475e-01,1.32593419402837753e-02,6.01015537977218628e-02,4.78567071259021759e-02,-1.46713797003030777e-02,-1.69301003217697144e-01,6.84594810009002686e-02,1.85211181640625000e-01,5.43125942349433899e-02,1.47567009553313255e-02,-1.81083619594573975e-01,-1.29933673888444901e-02,-1.37843430042266846e-01,-3.50106880068778992e-02,-1.27155661582946777e-01,-5.06037771701812744e-02,-1.55979901552200317e-01],"split_indices":[566,73,53,523,0,74,0,0,0,0,367,0,265,0,320,0,0],"sum_hessian":[2.26853351593017578e+01,8.22304725646972656e+00,1.44622879028320313e+01,7.10631084442138672e+00,1.11673665046691895e+00,1.26161165237426758e+01,1.84617137908935547e+00,6.03883552551269531e+00,1.06747519969940186e+00,1.00534975528717041e+00,1.16107664108276367e+01,1.07060372829437256e+00,1.05401630401611328e+01,1.18695878982543945e+00,9.35320377349853516e+00,1.51477694511413574e+00,7.83842706680297852e+00],"tree_param":{"num_feature":"600","num_nodes":"17",