{"learner":{"attributes":{},"gradient_booster":{"model":{"gbtree_model_param":{"num_trees":"10","size_leaf_vector":"0"},"tree_info":[0,0,0,0,0,0,0,0,0,0],"trees":[{"base_weights":[-2.26470474153757095e-02,4.67374362051486969e-02,-1.49166822433471680e-01,1.30713805556297302e-01,-1.02503359317779541e-01,1.87903761863708496e-01,-1.81438755244016647e-02],"default_left":[true,true,false,true,false,false,false],"id":0,"leaf_child_counts":[1,1,0,2,0,0,0],"left_children":[1,3,-1,5,-1,-1,-1],"loss_changes":[7.31766968965530396e-02,8.39834213256835938e-02,0.00000000000000000e+00,3.78330647945404053e-02,0.00000000000000000e+00,0.00000000000000000e+00,0.00000000000000000e+00],"parents":[2147483647,0,0,1,1,3,3],"right_children":[2,4,-1,6,-1,-1,-1],"split_conditions":[-3.77649627625942230e-02,1.29055641591548920e-02,-4.47500497102737427e-02,-1.04537913575768471e-02,-3.07510085403919220e-02,5.63711300492286682e-02,-5.44316275045275688e-03],"split_indices":[2,598,0,171,0,0,0],"sum_hessian":[6.54171466827392578e+00,4.63205146789550781e+00,1.90966320037841797e+00,3.04359269142150879e+00,1.58845889568328857e+00,2.00932216644287109e+00,1.03427040576934814e+00],"tree_param":{"num_feature":"600","num_nodes":"7","size_leaf_vector":"0"}},{"base_weights":[4.36913445591926575e-02,1.16532407701015472e-01,-1.59107178449630737e-01,-9.60354208946228027e-02,1.92077353596687317e-01,-2.32651725411415100e-01,-1.55666703358292580e-02,1.64980608969926834e-02,2.52232581377029419e-01,4.47368100285530090e-02,3.00099909305572510e-01],"default_left":[true,true,true,false,true,false,false,false,true,false,false],"id":1,"leaf_child_counts":[0,1,2,0,1,0,0,0,2,0,0],"left_children":[1,3,5,-1,7,-1,-1,-1,9,-1,-1],"loss_changes":[1.74190267920494080e-01,1.52204841375350952e-01,3.02358567714691162e-02,0.00000000000000000e+00,6.42675906419754028e-02,0.00000000000000000e+00,0.00000000000000000e+00,0.00000000000000000e+00,3.38076055049896240e-02,0.00000000000000000e+00,0.00000000000000000e+00],"parents":[2147483647,0,0,1,1,2,2,4,4,8,8],"right_children":[2,4,6,-1,8,-1,-1,-1,10,-1,-1],"split_conditions":[-3.23321446776390076e-02,2.80678533017635345e-02,-1.29970256239175797e-02,-2.88106277585029602e-02,-3.23226973414421082e-02,-6.97955191135406494e-02,-4.67000110074877739e-03,4.94941836223006248e-03,7.32612162828445435e-02,1.34210437536239624e-02,9.00299772620201111e-02],"split_indices":[2,599,429,0,89,0,0,0,556,0,0],"sum_hessian":[9.53672409057617188e+00,7.32949781417846680e+00,2.20722651481628418e+00,1.85071980953216553e+00,5.47877788543701172e+00,1.04896771907806396e+00,1.15825879573822021e+00,1.72325396537780762e+00,3.75552392005920410e+00,1.06660282611846924e+00,2.68892097473144531e+00],"tree_param":{"num_feature":"600","num_nodes":"11","size_leaf_vector":"0"}},{"base_weights":[-3.08042671531438828e-02,-1.07486419379711151e-01,1.41744390130043030e-01,-2.72747129201889038e-01,2.59349262341856956e-03,-5.41509464383125305e-02,2.70085304975509644e-01,-1.32554739713668823e-01,1.03770524263381958e-01,2.21304967999458313e-01,-4.20682765543460846e-02],"default_left":[true,true,true,false,true,false,false,false,true,false,false],"id":2,"leaf_child_counts":[0,1,2,0,1,0,0,0,2,0,0],"left_children":[1,3,5,-1,7,-1,-1,-1,9,-1,-1],"loss_changes":[1.54778018593788147e-01,1.43881052732467651e-01,1.07047893106937408e-01,0.00000000000000000e+00,9.18921455740928650e-02,0.00000000000000000e+00,0.00000000000000000e+00,0.00000000000000000e+00,7.49390572309494019e-02,0.00000000000000000e+00,0.00000000000000000e+00],"parents":[2147483647,0,0,1,1,2,2,4,4,8,8],"right_children":[2,4,6,-1,8,-1,-1,-1,10,-1,-1],"split_conditions":[1.27508327364921570e-01,-6.95707648992538452e-02,8.23316425085067749e-02,-8.18241387605667114e-02,5.61284869909286499e-02,-1.62452850490808487e-02,8.10255929827690125e-02,-3.97664234042167664e-02,4.53552082180976868e-02,6.63914903998374939e-02,-1.26204835250973701e-02],"split_indices":[128,300,295,0,493,0,0,0,532,0,0],"sum_hessian":[9.54630661010742188e+00,6.87019634246826172e+00,2.67611026763916016e+00,2.15588760375976563e+00,4.71430873870849609e+00,1.28808689117431641e+00,1.38802349567413330e+00,1.88554573059082031e+00,2.82876324653625488e+00,1.27984631061553955e+00,1.54891693592071533e+00],"tree_param":{"num_feature":"600","num_nodes":"11","size_leaf_vector":"0"}},{"base_weights":[-5.63217587769031525e-02,6.78683966398239136e-02,-2.07203418016433716e-01,1.87066778540611267e-01,-1.51540890336036682e-01,4.98733595013618469e-02,-2.99300104379653931e-01,-7.01912194490432739e-02,2.72358059883117676e-01,-2.16663464903831482e-01,-1.23148327693343163e-02,-3.39746415615081787e-01,-8.81033912301063538e-02,3.43153536319732666e-01,3.41580547392368317e-02],"default_left":[true,true,true,true,true,false,true,false,true,false,false,false,false,false,false],"id":3,"leaf_child_counts":[0,0,1,1,2,0,2,0,2,0,0,0,0,0,0],"left_children":[1,3,5,7,9,-1,11,-1,13,-1,-1,-1,-1,-1,-1],"loss_changes":[2.28464797139167786e-01,2.12191343307495117e-01,1.43076285719871521e-01,1.28880336880683899e-01,2.47769430279731750e-02,0.00000000000000000e+00,5.32782077789306641e-03,0.00000000000000000e+00,5.50883412361145020e-02,0.00000000000000000e+00,0.00000000000000000e+00,0.00000000000000000e+00,0.00000000000000000e+00,0.00000000000000000e+00,0.00000000000000000e+00],"parents":[2147483647,0,0,1,1,2,2,3,3,4,4,6,6,8,8],"right_children":[2,4,6,8,10,-1,12,-1,14,-1,-1,-1,-1,-1,-1],"split_conditions":[-9.35818068683147430e-03,2.68952641636133194e-03,-9.07775759696960449e-02,-2.24972814321517944e-02,-1.95385850965976715e-02,1.49620082229375839e-02,1.49399071931838989e-01,-2.10573673248291016e-02,-1.07716512866318226e-03,-6.49990439414978027e-02,-3.69445001706480980e-03,-1.01923927664756775e-01,-2.64310184866189957e-02,1.02946065366268158e-01,1.02474167943000793e-02],"split_indices":[403,598,335,89,398,0,206,0,37,0,0,0,0,0,0],"sum_hessian":[1.04420967102050781e+01,6.02945899963378906e+00,4.41263818740844727e+00,4.00245428085327148e+00,2.02700448036193848e+00,1.28478443622589111e+00,3.12785363197326660e+00,1.04065191745758057e+00,2.96180248260498047e+00,1.00208377838134766e+00,1.02492070198059082e+00,2.11427569389343262e+00,1.01357793807983398e+00,1.94354903697967529e+00,1.01825344562530518e+00],"tree_param":{"num_feature":"600","num_nodes":"15","size_leaf_vector":"0"}},{"base_weights":[-2.26823855191469193e-02,-1.21586963534355164e-01,2.58964836597442627e-01,-1.68069601058959961e-01,1.33310943841934204e-01,4.08318430185317993e-01,-8.03018361330032349e-02,-2.19236731529235840e-01,1.57646052539348602e-02,-4.08760097343474627e-04,-2.66814470291137695e-01,-3.04216116666793823e-01,-3.87073792517185211e-02,-7.08813890814781189e-02,-3.44978034496307373e-01],"default_left":[true,true,true,true,false,false,false,true,false,false,true,true,false,false,false],"id":4,"leaf_child_counts":[0,1,2,1,0,0,0,1,0,0,1,2,0,0,0],"left_children":[1,3,5,7,-1,-1,-1,9,-1,-1,11,13,-1,-1,-1],"loss_changes":[4.06505912542343140e-01,1.48522168397903442e-01,2.26270854473114014e-01,9.22974646091461182e-02,0.00000000000000000e+00,0.00000000000000000e+00,0.00000000000000000e+00,7.75130689144134521e-02,0.00000000000000000e+00,0.00000000000000000e+00,4.04592454433441162e-02,2.41900384426116943e-02,0.00000000000000000e+00,0.00000000000000000e+00,0.00000000000000000e+00],"parents":[2147483647,0,0,1,1,2,2,3,3,7,7,10,10,11,11],"right_children":[2,4,6,8,-1,-1,-1,10,-1,-1,12,14,-1,-1,-1],"split_conditions":[6.52312412858009338e-02,1.36384189128875732e-01,-4.12503778934478760e-02,9.17044952511787415e-02,3.99932861328125000e-02,1.22495532035827637e-01,-2.40905527025461197e-02,-7.54684805870056152e-02,4.72938176244497299e-03,-1.22628029203042388e-04,2.31781840324401855e-01,-5.89432120323181152e-02,-1.16122141480445862e-02,-2.12644170969724655e-02,-1.03493414819240570e-01],"split_indices":[362,23,294,11,0,0,0,306,0,0,242,75,0,0,0],